City,Lat,Lng,Max Temp,Humidity,Cloudiness,Wind Speed,Country,Date
saint-philippe,-21.36,55.77,80.6,78,50,5.82,RE,1583003139
hermanus,-34.42,19.23,73.99,71,0,8.01,ZA,1583003139
nehe,48.48,124.83,4.71,89,29,3.04,CN,1583003139
yellowknife,62.46,-114.35,-2.0,70,75,12.75,CA,1583003140
taltal,-25.4,-70.48,68.88,69,34,8.28,CL,1583003140
lagoa,39.05,-27.98,62.4,86,100,21.72,PT,1583003140
castro,-24.79,-50.01,75.61,53,23,6.02,BR,1583003140
vaini,-21.2,-175.2,78.8,94,40,6.93,TO,1583003140
khatanga,71.97,102.5,4.3,93,98,14.36,RU,1583002985
new norfolk,-42.78,147.06,53.6,87,3,9.17,AU,1583002925
ahipara,-35.17,173.17,64.0,100,99,5.91,NZ,1583003140
vao,-22.67,167.48,79.92,84,100,22.88,NC,1583003140
ponta do sol,32.67,-17.1,68.0,68,75,4.7,PT,1583003000
busselton,-33.65,115.33,68.0,56,46,18.14,AU,1583003141
saint george,37.1,-113.58,59.0,22,100,5.82,US,1583002880
fare,-16.7,-151.02,80.55,81,100,13.09,PF,1583002966
sarankhola,22.31,89.79,65.75,68,0,6.64,BD,1583003141
albany,42.6,-73.97,28.99,57,90,11.41,US,1583003102
namatanai,-3.67,152.43,82.81,76,62,3.58,PG,1583003016
bitung,1.45,125.18,77.0,100,40,4.7,ID,1583003141
rikitea,-23.12,-134.97,79.84,80,99,13.56,PF,1583003141
cape town,-33.93,18.42,73.99,56,0,12.75,ZA,1583003097
punta arenas,-53.15,-70.92,66.2,59,75,27.51,CL,1583003032
bethel,41.37,-73.41,37.0,42,90,12.75,US,1583003138
mataura,-46.19,168.86,48.99,87,57,1.99,NZ,1583003142
road town,18.42,-64.62,82.4,74,40,8.05,VG,1583003142
viedma,-40.81,-63.0,87.85,19,0,11.77,AR,1583003142
east london,-33.02,27.91,68.0,72,75,9.17,ZA,1583003142
sudak,44.85,34.97,35.02,84,47,4.09,UA,1583003142
ushuaia,-54.8,-68.3,60.8,67,75,3.36,AR,1583003139
kruisfontein,-34.0,24.73,63.61,81,23,18.05,ZA,1583002979
doha,25.29,51.53,68.0,77,0,2.24,QA,1583003139
bluff,-46.6,168.33,48.99,87,33,1.99,NZ,1583002938
fortuna,40.6,-124.16,52.0,70,40,12.75,US,1583003143
cabo san lucas,22.89,-109.91,84.0,38,5,10.29,MX,1583003013
jamestown,42.1,-79.24,24.01,73,90,13.87,US,1583003142
bredasdorp,-34.53,20.04,66.2,68,0,19.46,ZA,1583003143
hobart,-42.88,147.33,53.6,87,0,9.17,AU,1583002968
hilo,19.73,-155.09,75.0,73,40,6.93,US,1583002943
nikolskoye,59.7,30.79,28.4,86,90,6.71,RU,1583003143
ayan,56.45,138.17,3.02,74,50,5.03,RU,1583003144
tallahassee,30.44,-84.28,66.99,25,1,16.11,US,1583003070
atuona,-9.8,-139.03,81.59,80,85,18.88,PF,1583003144
kapaa,22.08,-159.32,73.4,69,75,25.28,US,1583003144
huron,41.15,-82.55,30.0,63,40,14.99,US,1583003144
solnechnyy,50.72,136.63,8.1,79,0,5.86,RU,1583003144
luderitz,-26.65,15.16,66.2,88,87,11.41,NA,1583003144
kodiak,57.79,-152.41,28.4,86,90,3.36,US,1583002927
lompoc,34.64,-120.46,66.0,82,90,6.93,US,1583003071
sabha,27.04,14.43,66.72,21,0,6.17,LY,1583003144
grindavik,63.84,-22.43,30.2,100,90,10.29,IS,1583003144
primero de enero,21.95,-78.43,73.4,49,40,18.34,CU,1583003144
nanortalik,60.14,-45.24,15.89,64,0,13.94,GL,1583002935
haines junction,60.75,-137.51,-2.25,94,93,2.73,CA,1583002983
lasa,46.62,10.7,50.0,85,90,8.05,IT,1583003008
lazaro cardenas,17.96,-102.2,89.13,37,0,8.5,MX,1583003145
ribeira grande,38.52,-28.7,62.6,88,75,16.11,PT,1583002927
nuuk,64.18,-51.72,6.8,46,20,13.87,GL,1583002969
tirumullaivasal,11.23,79.83,80.67,72,52,17.34,IN,1583003145
torbay,47.67,-52.73,35.01,77,75,17.22,CA,1583003145
reconquista,-29.15,-59.65,95.18,18,0,7.65,AR,1583003145
ampanihy,-24.7,44.75,72.19,82,83,12.73,MG,1583003145
niquero,20.04,-77.58,77.36,54,38,19.73,CU,1583003145
touros,-5.2,-35.46,89.6,59,40,18.34,BR,1583003146
qaanaaq,77.48,-69.36,-24.41,74,88,5.68,GL,1583002985
viru,-8.42,-78.75,77.0,78,40,11.41,PE,1583003146
guerrero negro,27.98,-114.06,71.42,31,100,12.39,MX,1583003139
longyearbyen,78.22,15.64,-5.8,76,20,11.41,SJ,1583003011
victoria,22.29,114.16,72.0,88,0,3.36,HK,1583003146
esperance,-33.87,121.9,66.2,93,90,12.75,AU,1583002942
naze,28.37,129.48,66.2,100,90,4.7,JP,1583003139
vardo,70.37,31.11,19.11,80,0,10.87,NO,1583003147
lebu,-37.62,-73.65,82.9,30,0,5.99,CL,1583002931
dicabisagan,17.08,122.42,73.99,83,2,5.46,PH,1583003147
hithadhoo,-0.6,73.08,83.17,79,100,15.17,MV,1583003147
port macquarie,-31.43,152.92,66.99,100,83,3.94,AU,1583002942
yanai,33.97,132.12,45.0,100,20,5.82,JP,1583003147
cidreira,-30.18,-50.21,73.4,73,0,10.67,BR,1583003147
alta floresta,-9.88,-56.09,87.8,66,40,4.7,BR,1583003147
vila velha,-20.33,-40.29,79.0,88,40,13.87,BR,1583002933
gamba,-2.65,10.0,78.8,83,100,7.65,GA,1583002987
los llanos de aridane,28.66,-17.92,66.2,72,75,11.41,ES,1583003147
tuktoyaktuk,69.45,-133.04,-25.6,74,90,8.05,CA,1583002973
saalfeld,50.65,11.37,50.0,81,40,16.11,DE,1583003148
vila franca do campo,37.72,-25.43,62.6,88,40,24.16,PT,1583003148
puerto ayora,-0.74,-90.35,86.0,66,40,13.87,EC,1583003148
avarua,-21.21,-159.78,77.0,94,8,5.82,CK,1583003148
severo-kurilsk,50.68,156.12,21.7,93,95,7.43,RU,1583002993
saint-georges,12.06,-61.75,82.4,65,20,19.46,GD,1583003148
san isidro,-12.12,-77.05,80.6,65,17,12.75,PE,1583003148
broome,42.25,-75.83,24.01,52,40,10.29,US,1583003148
pisco,-13.7,-76.22,75.99,30,20,9.17,PE,1583003148
mayumba,-3.43,10.66,81.01,84,100,16.26,GA,1583003149
sikeston,36.88,-89.59,46.99,52,1,4.7,US,1583003149
praia,14.92,-23.51,80.6,42,0,24.16,CV,1583003149
bengkulu,-3.8,102.27,75.07,93,100,3.87,ID,1583003149
mayna,54.11,47.62,28.04,91,100,8.84,RU,1583003149
alofi,-19.06,-169.92,75.2,100,1,3.36,NU,1583003149
rocha,-34.48,-54.33,82.54,40,14,12.08,UY,1583002944
biak,-0.91,122.88,83.41,75,100,8.7,ID,1583003149
barrow,71.29,-156.79,-5.8,83,90,12.75,US,1583002926
srednekolymsk,67.45,153.68,0.05,83,0,10.09,RU,1583002994
dikson,73.51,80.55,7.77,94,100,17.49,RU,1583003149
bambous virieux,-20.34,57.76,78.01,100,40,1.12,MU,1583003141
klaebu,63.3,10.48,28.4,68,52,12.75,NO,1583003150
beyneu,45.32,55.2,43.12,68,62,7.85,KZ,1583003150
tuatapere,-46.13,167.68,48.99,87,68,1.99,NZ,1583003013
malanje,-9.54,16.34,66.87,92,100,3.11,AO,1583003150
coihaique,-45.58,-72.07,75.2,44,20,8.05,CL,1583003150
galesong,-5.32,119.37,77.0,94,20,1.12,ID,1583003150
jalalpur,32.64,74.22,60.8,72,40,7.27,PK,1583003150
peniche,39.36,-9.38,60.01,72,75,9.17,PT,1583003150
kaitangata,-46.28,169.85,53.33,74,36,11.88,NZ,1583003003
jadu,31.95,12.03,66.11,25,0,6.17,LY,1583003151
thompson,55.74,-97.86,24.8,85,90,3.36,CA,1583003151
kachug,53.96,105.88,6.08,93,97,1.5,RU,1583003151
yabelo,4.88,38.08,78.75,36,55,7.18,ET,1583003151
inhambane,-23.86,35.38,76.01,72,52,21.81,MZ,1583002970
tasiilaq,65.61,-37.64,19.4,67,20,8.05,GL,1583002955
olafsvik,64.89,-23.71,30.24,93,100,13.8,IS,1583003151
hasaki,35.73,140.83,46.4,93,75,6.93,JP,1583003151
nianzishan,47.52,122.88,8.11,93,28,3.29,CN,1583003106
beaverlodge,55.22,-119.44,19.4,85,90,23.04,CA,1583003151
dubai,25.26,55.3,71.6,78,0,2.24,AE,1583002923
port elizabeth,-33.92,25.57,66.2,77,27,16.11,ZA,1583002970
tezu,27.92,96.17,61.54,54,0,4.07,IN,1583003152
batagay,67.63,134.63,-6.77,74,0,2.53,RU,1583003152
san rafael,-34.62,-68.33,92.55,13,0,19.69,AR,1583003152
pafos,34.77,32.42,51.8,71,75,16.11,CY,1583003152
faanui,-16.48,-151.75,82.0,78,100,13.94,PF,1583002975
dingle,11.0,122.67,72.54,86,57,10.49,PH,1583002968
beringovskiy,63.05,179.32,-7.56,83,0,20.07,RU,1583003152
saint-augustin,51.23,-58.65,24.96,87,100,12.06,CA,1583003152
mildura,-34.2,142.15,64.4,52,73,4.7,AU,1583003021
arkhangelsk,64.54,40.54,21.2,92,90,6.71,RU,1583003153
lidkoping,58.51,13.16,34.0,100,100,14.99,SE,1583003153
houston,29.76,-95.36,73.99,35,1,9.17,US,1583003043
mahebourg,-20.41,57.7,78.01,100,40,1.12,MU,1583002930
port alfred,-33.59,26.89,66.0,89,68,4.0,ZA,1583002970
asau,46.43,26.4,41.0,56,23,12.75,RO,1583003153
pevek,69.7,170.31,5.45,96,100,5.39,RU,1583003153
lowicz,52.11,19.95,44.01,65,100,9.17,PL,1583003153
westport,41.14,-73.36,37.0,29,75,12.75,US,1583003153
abu zabad,12.35,29.25,75.69,10,0,9.86,SD,1583003153
atar,20.52,-13.05,88.92,4,0,11.41,MR,1583003153
shwebo,22.57,95.7,70.9,41,0,2.82,MM,1583003154
zyryanka,65.75,150.85,1.27,80,0,12.59,RU,1583003154
hamilton,39.18,-84.53,36.0,48,1,8.05,US,1583002930
husavik,66.04,-17.34,35.6,69,75,26.4,IS,1583003154
tiksi,71.69,128.87,-6.12,88,0,5.03,RU,1583002954
malanville,11.87,3.39,90.64,12,35,6.49,BJ,1583003154
airai,-8.93,125.41,68.45,87,100,5.39,TL,1583003154
mattru,7.62,-11.83,89.2,52,40,10.47,SL,1583003154
geraldton,-28.77,114.6,69.8,88,75,12.75,AU,1583002989
buraydah,26.33,43.98,75.2,31,40,14.99,SA,1583002993
ulladulla,-35.35,150.47,62.6,100,29,3.98,AU,1583003155
tamandare,-8.76,-35.1,82.72,74,0,13.96,BR,1583003155
aklavik,68.22,-135.01,-16.6,74,75,3.36,CA,1583003155
bilibino,68.05,166.44,-7.71,100,100,2.1,RU,1583003155
saint-quentin,49.83,3.33,42.8,81,94,20.8,FR,1583003155
kodinsk,58.69,99.18,15.35,95,100,7.09,RU,1583003155
sur,22.57,59.53,68.76,69,0,3.83,OM,1583003155
saskylakh,71.92,114.08,-4.23,86,100,2.3,RU,1583003143
marawi,8.0,124.29,73.0,89,75,7.0,PH,1583003155
chingola,-12.53,27.88,66.2,96,100,3.44,ZM,1583003156
carnarvon,-24.87,113.63,75.2,83,0,17.22,AU,1583003156
olga,43.74,135.29,27.21,90,100,21.32,RU,1583003156
arraial do cabo,-22.97,-42.03,77.0,88,75,9.17,BR,1583003156
vakhrushi,58.68,50.03,27.82,91,98,8.81,RU,1583003156
ixtapa,20.7,-105.2,82.4,54,5,5.82,MX,1583003156
kenai,60.55,-151.26,8.6,71,1,9.17,US,1583003156
rio gallegos,-51.62,-69.22,77.0,25,100,25.28,AR,1583003156
chuy,-33.7,-53.46,83.35,46,0,12.33,UY,1583003156
gasa,31.5,34.47,59.0,77,75,12.75,PS,1583003156
vieux-habitants,16.06,-61.77,82.4,65,90,11.41,GP,1583003156
richards bay,-28.78,32.04,72.82,62,69,10.22,ZA,1583002949
mar del plata,-38.0,-57.56,77.0,69,0,9.17,AR,1583003157
kaeo,-35.1,173.78,64.0,100,71,8.75,NZ,1583003157
souillac,-20.52,57.52,78.01,100,40,1.12,MU,1583003157
uberaba,-19.75,-47.93,78.8,74,75,18.34,BR,1583003157
hami,42.8,93.45,32.59,42,0,2.91,CN,1583003157
grand gaube,-20.01,57.66,78.01,100,40,1.12,MU,1583003157
mosquera,4.71,-74.23,68.0,52,40,12.75,CO,1583003157
sitka,57.05,-135.33,35.6,81,90,5.82,US,1583003157
roma,43.21,-75.46,21.99,57,90,14.99,US,1583003047
yanam,16.73,82.22,72.12,80,0,2.37,IN,1583003157
cayenne,4.93,-52.33,84.2,66,83,10.29,GF,1583003157
chimbote,-9.09,-78.58,84.15,55,39,12.97,PE,1583003158
asfi,32.3,-9.24,59.7,77,0,11.36,MA,1583003158
puri,19.8,85.85,71.6,88,0,4.36,IN,1583003158
salalah,17.02,54.09,77.0,61,0,4.7,OM,1583003158
cherskiy,68.75,161.3,-6.9,99,97,4.0,RU,1583002976
haibara,34.53,135.95,48.2,87,90,3.36,JP,1583003158
moquegua,-17.2,-70.94,80.6,65,89,9.17,PE,1583003158
krasnoborsk,61.56,45.93,19.72,87,100,7.4,RU,1583003158
kavieng,-2.57,150.8,84.11,74,40,2.24,PG,1583003158
noumea,-22.28,166.46,84.2,62,100,5.82,NC,1583003159
bambanglipuro,-7.95,110.28,76.82,90,100,3.47,ID,1583003159
severobaykalsk,55.65,109.32,12.27,93,100,5.32,RU,1583003159
georgetown,5.41,100.34,82.4,74,20,3.36,MY,1583003159
black river,18.03,-77.85,75.99,78,90,16.11,JM,1583003159
katsuura,35.13,140.3,51.8,87,75,13.87,JP,1583003156
constitucion,-35.33,-72.42,74.01,46,0,5.73,CL,1583002996
bahjoi,28.4,78.62,62.92,86,99,6.51,IN,1583003159
ballina,-28.87,153.57,72.0,94,90,5.82,AU,1583003159
nhulunbuy,-12.23,136.77,80.6,88,74,3.51,AU,1583003159
omsukchan,62.53,155.8,-5.13,99,100,4.56,RU,1583003159
lakes entrance,-37.88,147.98,52.0,96,82,4.18,AU,1583003160
codrington,-38.27,141.97,59.74,85,100,8.23,AU,1583003160
svetlyy,54.67,20.13,39.2,80,90,11.18,RU,1583003096
sangar,63.92,127.47,-8.03,84,0,3.33,RU,1583003160
vilhena,-12.74,-60.15,80.6,78,75,3.36,BR,1583003160
the pas,53.83,-101.25,26.6,73,90,4.7,CA,1583003160
talnakh,69.49,88.4,-0.4,84,79,6.71,RU,1583003160
arlit,18.74,7.39,83.21,7,0,10.09,NE,1583003161
nishihara,26.18,127.76,71.6,88,20,12.75,JP,1583003161
provideniya,64.38,-173.3,-8.81,81,0,9.69,RU,1583003161
khonsa,27.02,95.57,57.02,84,50,4.43,IN,1583003161
hirara,24.8,125.28,73.22,82,48,14.76,JP,1583003161
moscow,55.75,37.62,32.0,92,74,4.47,RU,1583003148
chokurdakh,70.63,147.92,-3.89,87,51,7.67,RU,1583003159
odzaci,45.51,19.26,48.0,52,100,12.75,RS,1583003161
yuzhou,34.16,113.46,44.6,93,75,2.24,CN,1583003161
yarada,17.65,83.27,75.2,78,20,2.24,IN,1583003161
ushtobe,45.25,77.98,33.57,66,0,5.01,KZ,1583003161
saint anthony,45.02,-93.22,37.99,91,1,9.17,US,1583003162
iquitos,-3.75,-73.25,42.8,100,75,5.82,PE,1583002950
butaritari,3.07,172.79,84.31,80,98,19.22,KI,1583002924
xinzhou,38.41,112.73,34.11,43,83,5.17,CN,1583003162
ostrovnoy,68.05,39.51,23.5,94,100,18.34,RU,1583003162
bull savanna,17.89,-77.59,78.57,67,86,6.89,JM,1583003162
kanker,20.27,81.49,71.06,35,0,5.68,IN,1583003162
bulri,24.87,68.33,69.33,62,0,10.11,PK,1583003162
portland,45.52,-122.68,48.0,75,90,4.7,US,1583003038
carmelo,-33.99,-58.29,93.0,38,11,6.93,UY,1583003163
kandrian,-6.22,149.55,74.84,93,59,3.36,PG,1583003163
turba,59.08,24.23,36.0,96,90,11.41,EE,1583003163
khartoum,15.55,32.53,82.4,10,0,10.29,SD,1583003015
kirakira,-10.45,161.92,77.83,80,4,3.49,SB,1583002983
eureka,40.8,-124.16,52.0,70,40,12.75,US,1583003163
kolomak,49.84,35.3,35.46,72,11,4.12,UA,1583003163
guararapes,-21.26,-50.64,80.58,70,71,5.46,BR,1583003163
kavaratti,10.57,72.64,83.59,70,100,5.44,IN,1583003164
robertsport,6.75,-11.37,82.4,83,18,14.0,LR,1583003164
elmira,42.09,-76.81,24.01,57,75,17.22,US,1583003164
sabya,17.15,42.63,82.4,69,0,8.05,SA,1583003164
necochea,-38.55,-58.74,78.01,62,0,7.0,AR,1583003164
lorengau,-2.02,147.27,83.82,76,59,4.97,PG,1583003004
linxia,35.6,103.21,26.15,69,92,2.95,CN,1583003164
krasnoselkup,65.7,82.47,-3.5,94,0,7.14,RU,1583003164
gat,31.61,34.76,59.0,77,75,12.75,IL,1583003100
holme,56.11,10.17,46.4,93,100,9.17,DK,1583003165
prince albert,53.2,-105.77,32.0,90,75,17.22,CA,1583003165
rundu,-17.93,19.77,69.8,94,99,4.7,NA,1583003165
olinda,-8.01,-34.86,86.0,70,40,14.99,BR,1583003165
tandalti,13.02,31.87,80.96,8,100,11.41,SD,1583003165
valparaiso,-33.04,-71.63,62.6,100,90,9.17,CL,1583003109
pineville,31.32,-92.43,72.0,30,1,8.05,US,1583003126
yarim,14.3,44.38,61.02,61,5,3.98,YE,1583003165
camacha,33.08,-16.33,68.0,77,20,13.87,PT,1583003165
choix,26.71,-108.32,82.2,17,45,0.67,MX,1583003165
balkhash,46.84,74.98,23.09,74,0,13.98,KZ,1583003166
tandil,-37.32,-59.13,91.0,36,0,1.99,AR,1583002915
fort nelson,58.81,-122.7,3.2,65,75,4.7,CA,1583003166
deputatskiy,69.3,139.9,-0.96,57,6,3.29,RU,1583002937
gimli,50.63,-96.99,30.0,98,85,8.01,CA,1583003166
khimki,55.9,37.44,32.0,86,40,11.18,RU,1583003166
ilulissat,69.22,-51.1,-5.8,39,20,1.97,GL,1583003004
vestmannaeyjar,63.44,-20.27,39.2,80,40,33.33,IS,1583003001
bonaventure,48.05,-65.49,27.0,42,75,9.17,CA,1583003166
zalantun,48.0,122.72,7.77,95,85,3.67,CN,1583003166
auki,-8.77,160.7,83.95,75,68,7.78,SB,1583003166
rawson,-43.3,-65.1,69.04,52,0,10.16,AR,1583002969
yining,29.04,114.56,51.42,96,100,2.37,CN,1583003167
margate,51.38,1.39,43.0,64,63,18.34,GB,1583003167
paamiut,61.99,-49.67,5.65,59,0,15.03,GL,1583002984
keti bandar,24.14,67.45,71.64,83,0,9.64,PK,1583003167
la vega,19.22,-70.53,89.01,51,75,4.7,DO,1583003167
nome,64.5,-165.41,-11.0,91,1,3.44,US,1583002945
yasnyy,51.03,59.87,21.61,91,39,10.76,RU,1583003167
nyurba,63.28,118.33,-1.53,99,94,2.35,RU,1583003006
vieques,18.43,-65.83,86.0,62,40,17.22,PR,1583003167
lata,40.16,-8.33,59.0,77,40,9.17,PT,1583002983
yerbogachen,61.28,108.01,6.51,96,100,3.74,RU,1583003168
ipixuna,-1.76,-48.8,82.4,78,75,4.7,BR,1583003168
sofia,42.7,23.32,33.8,74,0,4.7,BG,1583002951
sobolevo,54.43,31.9,29.97,86,32,8.84,RU,1583003168
morant bay,17.88,-76.41,80.01,88,75,10.29,JM,1583002965
bagli,22.65,76.35,73.4,56,15,5.82,IN,1583003168
kasongo-lunda,-6.47,16.82,70.12,98,86,2.51,CD,1583003168
nyimba,-14.56,30.81,68.45,94,23,4.9,ZM,1583003168
kerman,30.28,57.08,50.0,16,0,4.7,IR,1583003168
kupang,-10.17,123.58,84.63,78,100,21.03,ID,1583003168
aitape,-3.14,142.35,82.49,80,100,7.2,PG,1583003169
bemidji,47.47,-94.88,36.0,99,1,9.17,US,1583003169
praia da vitoria,38.73,-27.07,68.0,64,40,15.19,PT,1583003169
broumov,50.59,16.33,46.4,73,100,21.92,CZ,1583003169
brigham city,41.51,-112.02,53.01,29,1,9.98,US,1583002978
banjar,-8.19,114.97,82.44,79,100,6.98,ID,1583003169
sayyan,15.17,44.32,57.45,55,0,2.26,YE,1583003169
muswellbrook,-32.27,150.9,66.0,86,74,1.01,AU,1583003169
araouane,18.9,-3.53,81.82,4,0,6.67,ML,1583003169
harper,4.38,-7.72,80.42,87,85,6.35,LR,1583003008
plettenberg bay,-34.05,23.37,66.52,80,0,16.37,ZA,1583003170
nisia floresta,-6.09,-35.21,89.6,59,40,18.34,BR,1583003170
muros,42.78,-9.06,55.0,81,75,6.93,ES,1583003170
katherine,-14.47,132.27,78.8,88,90,5.82,AU,1583003170
tofield,53.37,-112.67,33.01,94,90,14.99,CA,1583003170
buba,11.58,-15.0,91.8,33,6,13.11,GW,1583003170
terney,45.05,136.61,17.56,91,100,4.29,RU,1583003170
pecos,31.42,-103.49,66.2,15,1,3.36,US,1583003170
bom jesus da lapa,-13.26,-43.42,87.08,63,90,1.43,BR,1583002972
mwanza,-2.52,32.9,77.0,65,20,5.12,TZ,1583003170
makakilo city,21.35,-158.09,73.0,77,40,14.99,US,1583003171
nautla,20.22,-96.78,68.36,75,42,5.17,MX,1583003171
mmabatho,-25.85,25.63,69.8,60,40,8.05,ZA,1583003171
sao filipe,14.9,-24.5,75.92,54,0,14.94,CV,1583003171
brae,60.4,-1.35,41.0,93,100,14.99,GB,1583003171
sarangani,5.4,125.46,81.32,78,41,21.83,PH,1583003171
verkhoyansk,67.54,133.38,-10.44,72,0,2.19,RU,1583003171
high level,58.52,-117.14,5.0,71,75,11.41,CA,1583003171
karasburg,-28.02,18.75,91.54,20,59,11.79,NA,1583003171
markova,48.68,24.41,37.4,47,61,6.71,UA,1583003171
jabinyanah,35.03,10.91,64.4,59,19,9.17,TN,1583003172
erenhot,43.65,111.98,20.28,91,98,10.51,CN,1583003107
sandwick,60.0,-1.25,41.0,80,100,11.41,GB,1583003172
makarov,48.63,142.8,6.1,82,0,2.8,RU,1583003172
zhangye,38.93,100.45,31.26,43,89,0.72,CN,1583003172
katsikas,39.62,20.89,42.8,56,69,1.12,GR,1583003172
paracuru,-3.41,-39.03,87.8,58,40,8.05,BR,1583003172
matagami,49.75,-77.63,6.8,77,90,5.82,CA,1583003172
rampura,30.25,75.23,57.87,86,2,6.35,IN,1583003172
barabinsk,55.36,78.36,29.01,96,100,7.63,RU,1583003172
verkh-chebula,56.03,87.62,14.45,92,91,2.15,RU,1583003172
zhigansk,66.77,123.37,-2.49,94,94,9.22,RU,1583003173
todos santos,23.45,-110.22,84.0,17,5,3.06,MX,1583003173
tautira,-17.73,-149.15,75.2,94,75,6.93,PF,1583002883
redmond,47.67,-122.12,46.99,81,75,5.82,US,1583003006
cabanglasan,8.12,125.33,66.87,99,75,0.69,PH,1583003173
scarborough,54.28,-0.4,42.01,62,34,14.99,GB,1583002900
laguna,38.42,-121.42,64.0,42,1,4.7,US,1583003173
half moon bay,37.46,-122.43,61.0,71,75,16.11,US,1583003173
monywa,22.12,95.13,72.72,37,0,3.51,MM,1583003173
finote selam,10.7,37.27,70.5,31,88,3.69,ET,1583003173
dargaville,-35.93,173.88,61.09,98,84,2.26,NZ,1583003174
mwinilunga,-11.74,24.43,65.68,96,100,3.96,ZM,1583003174
rio grande,-32.03,-52.1,89.6,24,0,11.41,BR,1583003174
papar,5.73,115.93,79.0,88,20,3.36,MY,1583003174
erbaa,40.67,36.57,46.4,87,90,9.17,TR,1583003174
catuday,16.29,119.81,78.35,74,0,12.66,PH,1583003174
naryan-mar,67.67,53.09,21.45,96,100,3.89,RU,1583003174
quatre cocos,-20.21,57.76,78.01,100,40,1.12,MU,1583003174
colombo,6.93,79.85,82.4,78,100,2.24,LK,1583003175
porto novo,6.5,2.6,86.0,84,20,11.41,BJ,1583002898
samarai,-10.62,150.67,76.98,86,73,2.82,PG,1583003175
nantucket,41.28,-70.1,39.0,47,40,18.34,US,1583002892
natal,-5.79,-35.21,89.6,59,40,18.34,BR,1583002958
filingue,14.35,3.32,81.45,12,0,2.62,NE,1583003166
mehran,33.12,46.16,53.6,71,75,4.7,IR,1583003175
zhangjiakou,40.81,114.88,22.98,65,90,12.41,CN,1583003175
moa,20.66,-74.94,65.97,97,99,6.67,CU,1583002985
college,64.86,-147.8,-5.01,73,1,2.21,US,1583003175
punta gorda,26.93,-82.05,69.01,22,1,11.41,US,1583003175
alice springs,-23.7,133.88,69.8,22,80,3.36,AU,1583003176
narsaq,60.92,-46.05,12.2,39,5,1.66,GL,1583003176
eha amufu,6.66,7.76,94.17,22,53,2.91,NG,1583003176
saint-ambroise,48.55,-71.33,19.99,67,75,11.41,CA,1583003176
claveria,18.61,121.08,68.43,86,0,4.32,PH,1583003176
bowen,-20.02,148.23,75.99,88,40,5.82,AU,1583003176
tomigusuku,26.18,127.67,71.6,88,20,12.75,JP,1583003176
abbeville,50.1,1.83,44.6,75,97,21.92,FR,1583003176
las palmas,28.42,-14.01,66.2,72,20,16.11,ES,1583003176
beloha,-25.17,45.05,72.95,82,78,13.06,MG,1583003147
wenling,28.37,121.36,55.0,94,100,1.01,CN,1583003176
teya,60.38,92.63,7.92,95,94,4.61,RU,1583003065
omaruru,-21.43,15.93,70.07,66,97,7.05,NA,1583003177
harnai,30.1,67.94,63.46,41,0,1.48,PK,1583003177
ossora,59.24,163.07,2.89,64,0,5.84,RU,1583003177
jinchang,38.5,102.17,25.75,81,100,2.84,CN,1583003177
saldanha,-33.01,17.94,82.4,23,0,12.75,ZA,1583003177
candelaria,13.93,121.42,75.0,91,5,4.74,PH,1583003177
dunedin,-45.87,170.5,53.01,79,18,5.01,NZ,1583003177
port-gentil,-0.72,8.78,82.4,88,40,5.82,GA,1583003177
saint-paul,-21.01,55.27,80.6,83,40,9.17,RE,1583003165
dubbo,-32.25,148.62,68.0,77,97,11.41,AU,1583003043
koshurnikovo,54.17,93.3,26.65,97,100,6.08,RU,1583003177
bossangoa,6.49,17.46,87.87,14,55,4.63,CF,1583003178
say,13.1,2.37,96.8,7,0,4.7,NE,1583003178
lashio,22.93,97.75,56.41,57,0,0.58,MM,1583003178
ketchikan,55.34,-131.65,41.0,80,90,11.41,US,1583003178
barranca,-10.75,-77.77,73.94,91,81,10.78,PE,1583003111
san quintin,30.48,-115.95,65.23,50,86,6.85,MX,1583003016
lavrentiya,65.58,-171.0,-11.96,89,15,5.93,RU,1583003178
palmer,42.16,-72.33,35.01,58,75,9.17,US,1583002970
iqaluit,63.75,-68.51,-9.0,76,40,3.36,CA,1583003176
skjervoy,70.03,20.97,29.52,70,100,19.04,NO,1583002977
florence,43.77,11.25,55.0,53,75,1.12,IT,1583003179
hilpoltstein,49.19,11.19,50.0,71,40,16.11,DE,1583003179
khorixas,-20.37,14.97,70.56,76,100,10.2,NA,1583003179
oyama,36.3,139.8,52.0,87,75,3.36,JP,1583003179
suntar,62.14,117.63,0.27,99,85,1.01,RU,1583003179
cam ranh,11.92,109.16,78.8,83,20,5.82,VN,1583003179
guantanamo,20.14,-75.21,82.4,58,75,18.34,CU,1583003179
dharchula,29.85,80.53,35.13,57,100,11.18,IN,1583003179
dzilam gonzalez,21.28,-88.93,70.29,64,0,20.27,MX,1583003179
nalut,30.33,10.85,65.07,16,0,7.31,LY,1583002926
mukerian,31.95,75.62,58.93,81,100,6.13,IN,1583003179
markala,13.7,-6.07,92.97,7,50,8.05,ML,1583003180
caravelas,-17.71,-39.25,82.78,68,54,7.38,BR,1583002991
hue,16.47,107.6,73.4,94,20,2.24,VN,1583003180
guadalajara,20.67,-103.33,81.0,36,5,4.7,MX,1583003180
imeni poliny osipenko,52.42,136.49,-1.8,96,9,7.05,RU,1583003180
maracaibo,10.63,-71.64,85.95,55,1,18.23,VE,1583002978
cascais,38.7,-9.42,61.0,82,20,8.05,PT,1583002904
floriano,-6.77,-43.02,87.91,62,96,2.15,BR,1583003180
acapulco,16.86,-99.89,86.0,70,5,6.93,MX,1583003140
clyde river,70.47,-68.59,-22.0,74,20,16.11,CA,1583003180
nanakuli,21.39,-158.15,73.0,77,40,14.99,US,1583003008
vodnyy,63.5,53.41,28.6,94,100,9.44,RU,1583003181
dwarka,22.24,68.97,74.71,83,0,12.95,IN,1583003181
vangaindrano,-23.35,47.6,72.03,90,24,3.98,MG,1583003181
coquimbo,-29.95,-71.34,64.4,77,75,10.29,CL,1583003181
novyy urengoy,66.08,76.63,7.16,86,45,19.53,RU,1583003181
ancud,-41.87,-73.82,73.4,60,12,10.29,CL,1583002984
nouadhibou,20.93,-17.03,73.4,60,0,18.34,MR,1583003181
platteville,42.73,-90.48,35.01,50,1,10.29,US,1583003181
port lincoln,-34.73,135.87,65.5,68,53,3.74,AU,1583002975
kalikino,52.95,39.83,32.0,90,25,8.95,RU,1583003181
norman wells,65.28,-126.83,-22.0,74,5,6.93,CA,1583002991
buala,-8.14,159.59,81.36,74,99,3.22,SB,1583002997
kathmandu,27.72,85.32,51.8,93,20,2.24,NP,1583003102
puerto ayacucho,5.66,-67.62,96.8,39,20,4.7,VE,1583003182
voloshka,61.33,40.09,16.45,94,91,6.67,RU,1583003182
burnie,-41.07,145.92,51.01,93,12,1.01,AU,1583003182
kununurra,-15.77,128.73,77.0,94,100,4.5,AU,1583003182
lake city,30.19,-82.64,66.0,23,1,20.8,US,1583003182
hambantota,6.12,81.12,78.8,94,5,5.82,LK,1583003182
sechura,-5.56,-80.82,74.3,89,58,14.72,PE,1583003182
yeppoon,-23.13,150.73,75.2,83,0,6.93,AU,1583003183
orel-izumrud,43.46,39.92,48.2,93,90,2.24,RU,1583003183
nosy varika,-20.58,48.53,76.32,86,21,5.28,MG,1583003007
linhares,-19.39,-40.07,82.67,81,62,4.68,BR,1583002977
bremerton,47.57,-122.63,46.99,86,75,9.17,US,1583002959
upernavik,72.79,-56.15,-22.34,83,59,4.07,GL,1583003183
niksic,42.77,18.94,44.6,74,100,1.12,ME,1583003183
bandarbeyla,9.49,50.81,77.67,72,54,12.26,SO,1583002958
okha,53.57,142.95,-0.81,98,62,6.67,RU,1583003183
okhotsk,59.38,143.3,0.68,68,0,8.23,RU,1583003142
surgut,61.25,73.42,30.2,100,40,15.66,RU,1583003184
tilichiki,60.47,166.1,-8.81,87,0,9.31,RU,1583002988
whitehorse,60.72,-135.05,3.99,75,40,3.36,CA,1583002987
walvis bay,-22.96,14.51,68.0,82,100,6.93,NA,1583003184
ust-omchug,61.15,149.63,-12.14,99,26,3.71,RU,1583002911
safaga,26.73,33.94,68.0,30,0,14.99,EG,1583003184
mastic beach,40.77,-72.85,36.0,37,40,12.75,US,1583003134
wageningen,51.97,5.67,45.0,72,67,16.11,NL,1583003184
colares,38.8,-9.45,60.01,82,20,8.05,PT,1583003184
alyangula,-13.85,136.42,77.0,100,100,3.36,AU,1583003185
tabuk,17.42,121.44,68.95,89,9,5.55,PH,1583003185
xai-xai,-25.05,33.64,69.51,79,60,8.3,MZ,1583003185
kyzyl-suu,42.34,78.0,29.07,67,0,6.44,KG,1583003185
moose factory,51.26,-80.61,5.0,71,90,8.05,CA,1583003185
virden,39.5,-89.77,42.01,55,1,8.05,US,1583003185
san cristobal,7.77,-72.22,84.2,62,40,10.29,VE,1583003185
aden,12.78,45.04,78.55,58,0,7.11,YE,1583002895
bundaberg,-24.85,152.35,71.6,88,7,5.82,AU,1583003185
nyakahanga,-1.6,31.14,67.26,75,31,3.36,TZ,1583003185
guilin,25.28,110.29,64.4,100,75,6.71,CN,1583003185
chara,56.91,118.26,-7.76,94,66,1.03,RU,1583003186
talara,-4.58,-81.27,62.6,100,40,13.87,PE,1583003186
sooke,48.37,-123.73,48.0,61,1,23.04,CA,1583003186
mitsamiouli,-11.38,43.28,83.8,72,100,8.03,KM,1583003186
taoudenni,22.68,-3.98,84.76,8,0,9.98,ML,1583003186
labrea,-7.26,-64.8,90.43,56,91,1.57,BR,1583003186
kahului,20.89,-156.47,69.01,77,40,14.99,US,1583003180
cobija,-11.03,-68.77,89.6,66,20,6.17,BO,1583003186
emporia,38.4,-96.18,64.4,27,1,19.46,US,1583003186
vilcun,-38.65,-72.23,95.0,31,0,5.82,CL,1583003186
ternate,0.8,127.4,76.01,92,71,4.12,ID,1583003187
chenzhou,25.8,113.03,57.79,92,100,3.47,CN,1583003187
ocampo,21.65,-101.5,68.67,27,0,4.92,MX,1583003187
lagoa formosa,-18.78,-46.41,73.99,100,100,6.69,BR,1583003187
vestmanna,62.16,-7.17,37.4,91,100,40.26,FO,1583003187
tevriz,57.51,72.4,30.16,88,100,9.53,RU,1583003187
along,28.17,94.77,54.9,82,6,4.18,IN,1583003187
port-cartier,50.03,-66.87,26.01,85,90,11.41,CA,1583003187
nampula,-15.12,39.27,72.61,96,98,6.38,MZ,1583003187
broken hill,-31.95,141.43,71.6,30,63,9.17,AU,1583003187
sukumo,32.93,132.73,49.19,91,79,12.12,JP,1583003187
najran,17.49,44.13,78.8,15,5,2.24,SA,1583003188
sakakah,29.97,40.21,64.4,25,0,0.49,SA,1583003188
salym,60.06,71.48,31.53,85,100,14.25,RU,1583003188
maba,24.68,113.6,64.89,87,7,2.17,CN,1583003188
avera,33.19,-82.53,57.99,30,40,19.46,US,1583002976
belyy yar,53.6,91.39,35.6,64,100,8.95,RU,1583003188
moshi,-3.35,37.33,78.8,65,40,11.41,TZ,1583002944
aviles,43.55,-5.92,57.0,54,40,14.99,ES,1583003188
el alto,-4.27,-81.21,62.6,100,40,13.87,PE,1583003188
kirovsk,48.64,38.64,34.7,71,94,1.01,UA,1583003189
binzhou,37.37,118.02,43.68,78,100,5.84,CN,1583003189
layou,13.2,-61.27,86.0,62,20,3.36,VC,1583003189
hokitika,-42.72,170.97,53.02,79,4,8.68,NZ,1583003189
nizhniy kuranakh,58.84,125.49,-4.11,100,100,0.85,RU,1583003189
claymont,39.8,-75.46,36.0,34,75,16.11,US,1583003189
guaruja,-23.99,-46.26,78.01,83,90,5.82,BR,1583003189
pointe michel,15.25,-61.38,82.4,65,75,3.36,DM,1583003189
san patricio,19.22,-104.7,87.8,70,5,6.38,MX,1583003189
nazret,8.55,39.27,73.9,32,0,8.81,ET,1583003190
hobyo,5.35,48.53,76.95,77,42,13.8,SO,1583003190
agadez,19.75,10.25,76.95,9,0,8.19,NE,1583003190
garowe,8.41,48.48,73.06,55,4,17.34,SO,1583003190
coari,-4.08,-63.14,89.42,61,82,2.53,BR,1583003190
churapcha,62.0,132.43,-11.18,92,0,2.93,RU,1583003190
klaksvik,62.23,-6.59,37.4,84,100,40.26,FO,1583003190
greencastle,39.64,-86.86,37.0,39,1,8.05,US,1583002906
les cayes,18.2,-73.75,79.36,78,3,11.03,HT,1583003191
qeshm,26.96,56.27,71.6,56,38,6.93,IR,1583003191
tivaouane,14.95,-16.81,87.8,22,11,19.46,SN,1583003191
comodoro rivadavia,-45.87,-67.5,84.2,39,0,11.41,AR,1583003153
krasnyy yar,46.53,48.35,39.2,51,97,6.71,RU,1583003191
charters towers,-20.1,146.27,72.05,90,0,5.73,AU,1583002930
palana,59.12,159.97,-1.46,75,0,4.16,RU,1583003191
eyl,7.98,49.82,77.97,75,19,19.24,SO,1583002926
manvi,15.98,77.05,83.44,33,100,10.16,IN,1583003191
tecoanapa,16.52,-98.75,94.26,38,0,7.58,MX,1583003192
pochutla,15.74,-96.47,89.6,52,5,11.41,MX,1583003192
khasan,42.43,130.64,24.91,73,3,4.03,RU,1583003192
adet,11.26,37.49,75.25,24,11,9.19,ET,1583003192
cairns,-16.92,145.77,78.8,88,90,4.7,AU,1583003173
corn island,12.17,-83.04,80.53,79,1,19.15,NI,1583003192
novyy buh,47.69,32.52,35.6,74,51,3.89,UA,1583003192
rodbyhavn,54.65,11.35,48.0,84,100,5.99,DK,1583003192
andenes,69.31,16.12,26.6,79,100,19.46,NO,1583003192
kutum,14.2,24.67,71.1,13,19,8.95,SD,1583002990
mount gambier,-37.83,140.77,55.4,100,92,9.17,AU,1583003192
anchorage,61.22,-149.9,15.01,71,1,5.28,US,1583002944
namtsy,62.72,129.67,-20.2,75,0,4.47,RU,1583003193
